"_raw","_time","date_hour","date_mday","date_minute","date_month","date_second","date_wday","date_year","date_zone",eventtype,host,index,linecount,pid,process,punct,source,sourcetype,"splunk_server","splunk_server_group",tag,"tag::eventtype",timeendpos,timestartpos
"2026-04-24T14:47:13.403529+05:45 subodh-awasthi-Vostro-3500 sshd[8079]: Failed password for invalid user wronguser from 127.0.0.1 port 58498 ssh2","2026-04-24T14:47:13.403+0545",14,24,47,april,13,friday,2026,345,,"subodh-awasthi-Vostro-3500",main,1,8079,sshd,"--::.+:_---_[]:________...___","/var/log/auth.log","linux_secure","subodh-awasthi-Vostro-3500",,,,32,0
"2026-04-24T14:47:13.196245+05:45 subodh-awasthi-Vostro-3500 sshd[8079]: Failed password for invalid user wronguser from 127.0.0.1 port 58498 ssh2","2026-04-24T14:47:13.196+0545",14,24,47,april,13,friday,2026,345,,"subodh-awasthi-Vostro-3500",main,1,8079,sshd,"--::.+:_---_[]:________...___","/var/log/auth.log","linux_secure","subodh-awasthi-Vostro-3500",,,,32,0
"2026-04-24T14:47:09.234231+05:45 subodh-awasthi-Vostro-3500 sshd[8079]: Failed password for invalid user wronguser from 127.0.0.1 port 58498 ssh2","2026-04-24T14:47:09.234+0545",14,24,47,april,9,friday,2026,345,,"subodh-awasthi-Vostro-3500",main,1,8079,sshd,"--::.+:_---_[]:________...___","/var/log/auth.log","linux_secure","subodh-awasthi-Vostro-3500",,,,32,0
"2026-04-24T14:47:02.303057+05:45 subodh-awasthi-Vostro-3500 sshd[8046]: Failed password for invalid user wronguser from 127.0.0.1 port 39036 ssh2","2026-04-24T14:47:02.303+0545",14,24,47,april,2,friday,2026,345,,"subodh-awasthi-Vostro-3500",main,1,8046,sshd,"--::.+:_---_[]:________...___","/var/log/auth.log","linux_secure","subodh-awasthi-Vostro-3500",,,,32,0
"2026-04-24T14:46:58.410697+05:45 subodh-awasthi-Vostro-3500 sshd[8046]: Failed password for invalid user wronguser from 127.0.0.1 port 39036 ssh2","2026-04-24T14:46:58.410+0545",14,24,46,april,58,friday,2026,345,,"subodh-awasthi-Vostro-3500",main,1,8046,sshd,"--::.+:_---_[]:________...___","/var/log/auth.log","linux_secure","subodh-awasthi-Vostro-3500",,,,32,0
"2026-04-24T14:46:54.132854+05:45 subodh-awasthi-Vostro-3500 sshd[8046]: Failed password for invalid user wronguser from 127.0.0.1 port 39036 ssh2","2026-04-24T14:46:54.132+0545",14,24,46,april,54,friday,2026,345,,"subodh-awasthi-Vostro-3500",main,1,8046,sshd,"--::.+:_---_[]:________...___","/var/log/auth.log","linux_secure","subodh-awasthi-Vostro-3500",,,,32,0
"2026-04-24T14:46:46.633089+05:45 subodh-awasthi-Vostro-3500 sshd[8016]: Failed password for invalid user wronguser from 127.0.0.1 port 40352 ssh2","2026-04-24T14:46:46.633+0545",14,24,46,april,46,friday,2026,345,,"subodh-awasthi-Vostro-3500",main,1,8016,sshd,"--::.+:_---_[]:________...___","/var/log/auth.log","linux_secure","subodh-awasthi-Vostro-3500",,,,32,0
"2026-04-24T14:46:42.735841+05:45 subodh-awasthi-Vostro-3500 sshd[8016]: Failed password for invalid user wronguser from 127.0.0.1 port 40352 ssh2","2026-04-24T14:46:42.735+0545",14,24,46,april,42,friday,2026,345,,"subodh-awasthi-Vostro-3500",main,1,8016,sshd,"--::.+:_---_[]:________...___","/var/log/auth.log","linux_secure","subodh-awasthi-Vostro-3500",,,,32,0
"2026-04-24T14:46:37.464111+05:45 subodh-awasthi-Vostro-3500 sshd[8016]: Failed password for invalid user wronguser from 127.0.0.1 port 40352 ssh2","2026-04-24T14:46:37.464+0545",14,24,46,april,37,friday,2026,345,,"subodh-awasthi-Vostro-3500",main,1,8016,sshd,"--::.+:_---_[]:________...___","/var/log/auth.log","linux_secure","subodh-awasthi-Vostro-3500",,,,32,0
